{
  "single": 0.5669920543716367,
  "mean_base": 0.5693916831209851,
  "mean_perturb": 0.568309171591395,
  "bon_base": 0.8741373780563143,
  "bon_perturb": 0.8756187183432814,
  "bon_fresh": 0.933750834926377,
  "delta_pert": 0.0014813402869671144,
  "p_value": 0.8722909531055425
}